dataset,task,model,metric,val_score,test_score,best_params,n_iter,time_s
bank_marketing,classification,RandomForest,Accuracy,0.8067,0.7967,"{""bootstrap"": false, ""criterion"": ""entropy"", ""max_depth"": null, ""max_features"": 0.3, ""min_impurity_decrease"": 0.0, ""min_samples_leaf"": 22, ""min_samples_split"": 2, ""n_estimators"": 26}",50,52.82
bank_marketing,classification,GBT,Accuracy,0.8111,0.8053,"{""criterion"": ""squared_error"", ""learning_rate"": 0.03284323370242609, ""loss"": ""exponential"", ""max_depth"": 3, ""max_leaf_nodes"": null, ""min_impurity_decrease"": 0.0, ""min_samples_leaf"": 13, ""min_samples_split"": 2, ""n_estimators"": 382, ""subsample"": 0.9944066124329092}",50,57.55
bank_marketing,classification,XGBoost,Accuracy,0.8078,0.8,"{""colsample_bylevel"": 0.7320431678687926, ""colsample_bytree"": 0.8149511807717785, ""gamma"": 8.837543353031056e-06, ""learning_rate"": 0.0036866924796732604, ""max_depth"": 8, ""min_child_weight"": 6, ""n_estimators"": 300, ""reg_alpha"": 8.433446290214635e-08, ""reg_lambda"": 1.4309757021915819, ""subsample"": 0.7259774703051949}",50,22.41
bank_marketing,classification,MLP,Accuracy,0.8067,0.7847,"{""batch_size"": 512, ""hidden_layer_sizes"": [818, 818, 818, 818, 818, 818, 818], ""learning_rate_init"": 0.00039071169241368576}",50,1891.27
california,regression,RandomForest,R²,0.839,0.8201,"{""bootstrap"": false, ""criterion"": ""absolute_error"", ""max_depth"": null, ""max_features"": ""log2"", ""min_impurity_decrease"": 0.0, ""min_samples_leaf"": 2, ""min_samples_split"": 2, ""n_estimators"": 313}",50,306.7
california,regression,GBT,R²,0.8669,0.8378,"{""criterion"": ""squared_error"", ""learning_rate"": 0.1861435532254412, ""loss"": ""huber"", ""max_depth"": 3, ""max_leaf_nodes"": null, ""min_impurity_decrease"": 0.0, ""min_samples_leaf"": 20, ""min_samples_split"": 2, ""n_estimators"": 584, ""subsample"": 0.9526540251274591}",50,123.53
california,regression,XGBoost,R²,0.8667,0.846,"{""colsample_bylevel"": 0.9850105302997725, ""colsample_bytree"": 0.841992855999281, ""gamma"": 6.542621993440086e-08, ""learning_rate"": 0.00939429978608628, ""max_depth"": 11, ""min_child_weight"": 86, ""n_estimators"": 1900, ""reg_alpha"": 1.879356391023856e-05, ""reg_lambda"": 3.0345104111829246, ""subsample"": 0.7740887203035125}",50,28.4
california,regression,MLP,R²,0.8125,0.7755,"{""batch_size"": 1024, ""hidden_layer_sizes"": [936, 936, 936, 936, 936, 936, 936, 936], ""learning_rate_init"": 0.0025985384198656007}",50,3226.28
magic_telescope,classification,RandomForest,Accuracy,0.8678,0.859,"{""bootstrap"": false, ""criterion"": ""entropy"", ""max_depth"": null, ""max_features"": ""log2"", ""min_impurity_decrease"": 0.0, ""min_samples_leaf"": 2, ""min_samples_split"": 2, ""n_estimators"": 313}",50,183.16
magic_telescope,classification,GBT,Accuracy,0.8711,0.8517,"{""criterion"": ""squared_error"", ""learning_rate"": 0.016951590037437916, ""loss"": ""exponential"", ""max_depth"": 3, ""max_leaf_nodes"": null, ""min_impurity_decrease"": 0.0, ""min_samples_leaf"": 2, ""min_samples_split"": 2, ""n_estimators"": 588, ""subsample"": 0.519841540199588}",50,96.77
magic_telescope,classification,XGBoost,Accuracy,0.8756,0.8497,"{""colsample_bylevel"": 0.5705960855875244, ""colsample_bytree"": 0.7164339812605625, ""gamma"": 0.21238750217052046, ""learning_rate"": 0.001865486363543619, ""max_depth"": 4, ""min_child_weight"": 1, ""n_estimators"": 4700, ""reg_alpha"": 3.059123754721974e-06, ""reg_lambda"": 1.9257330807159851, ""subsample"": 0.6712584058116953}",50,29.4
magic_telescope,classification,MLP,Accuracy,0.8744,0.8537,"{""batch_size"": 512, ""hidden_layer_sizes"": [373, 373, 373, 373, 373], ""learning_rate_init"": 5.081019249615274e-05}",50,1945.63
electricity,classification,RandomForest,Accuracy,0.86,0.856,"{""bootstrap"": false, ""criterion"": ""gini"", ""max_depth"": null, ""max_features"": 0.6, ""min_impurity_decrease"": 0.0, ""min_samples_leaf"": 2, ""min_samples_split"": 2, ""n_estimators"": 98}",50,76.47
electricity,classification,GBT,Accuracy,0.8756,0.8687,"{""criterion"": ""friedman_mse"", ""learning_rate"": 0.008295026386919662, ""loss"": ""exponential"", ""max_depth"": null, ""max_leaf_nodes"": null, ""min_impurity_decrease"": 0.0, ""min_samples_leaf"": 3, ""min_samples_split"": 2, ""n_estimators"": 782, ""subsample"": 0.7270637962496068}",50,133.59
electricity,classification,XGBoost,Accuracy,0.85,0.8527,"{""colsample_bylevel"": 0.7068859822763913, ""colsample_bytree"": 0.7823263085890955, ""gamma"": 8.950474284176544e-05, ""learning_rate"": 0.029768355713639946, ""max_depth"": 9, ""min_child_weight"": 2, ""n_estimators"": 3900, ""reg_alpha"": 1.2102258277987269e-08, ""reg_lambda"": 1.3155080678757627, ""subsample"": 0.5698464413954321}",50,25.6
electricity,classification,MLP,Accuracy,0.8189,0.8097,"{""batch_size"": 1024, ""hidden_layer_sizes"": [155, 155, 155], ""learning_rate_init"": 0.005206789935833379}",50,3307.63
house_16H,classification,RandomForest,Accuracy,0.8889,0.8847,"{""bootstrap"": true, ""criterion"": ""entropy"", ""max_depth"": null, ""max_features"": 0.3, ""min_impurity_decrease"": 0.0, ""min_samples_leaf"": 2, ""min_samples_split"": 2, ""n_estimators"": 2050}",50,220.17
house_16H,classification,GBT,Accuracy,0.8811,0.8837,"{""criterion"": ""squared_error"", ""learning_rate"": 0.1861435532254412, ""loss"": ""log_loss"", ""max_depth"": 3, ""max_leaf_nodes"": null, ""min_impurity_decrease"": 0.0, ""min_samples_leaf"": 20, ""min_samples_split"": 2, ""n_estimators"": 584, ""subsample"": 0.9526540251274591}",50,130.77
house_16H,classification,XGBoost,Accuracy,0.8833,0.8917,"{""colsample_bylevel"": 0.7489105135939351, ""colsample_bytree"": 0.9352895019597379, ""gamma"": 3.0409901086500483e-05, ""learning_rate"": 0.0010246875722977693, ""max_depth"": 7, ""min_child_weight"": 2, ""n_estimators"": 5700, ""reg_alpha"": 2.4936230515465887e-08, ""reg_lambda"": 2.1471729919779654, ""subsample"": 0.5782464468722259}",50,52.4
house_16H,classification,MLP,Accuracy,0.8833,0.8717,"{""batch_size"": 1024, ""hidden_layer_sizes"": [155, 155, 155], ""learning_rate_init"": 0.005206789935833379}",50,1878.88
credit,classification,RandomForest,Accuracy,0.7711,0.7747,"{""bootstrap"": true, ""criterion"": ""gini"", ""max_depth"": null, ""max_features"": 0.4, ""min_impurity_decrease"": 0.0, ""min_samples_leaf"": 49, ""min_samples_split"": 2, ""n_estimators"": 88}",50,88.07
credit,classification,GBT,Accuracy,0.7678,0.7827,"{""criterion"": ""squared_error"", ""learning_rate"": 0.031014768139452427, ""loss"": ""log_loss"", ""max_depth"": 3, ""max_leaf_nodes"": null, ""min_impurity_decrease"": 0.0, ""min_samples_leaf"": 6, ""min_samples_split"": 2, ""n_estimators"": 658, ""subsample"": 0.8069460285684287}",50,72.41
credit,classification,XGBoost,Accuracy,0.7722,0.778,"{""colsample_bylevel"": 0.7207596595047248, ""colsample_bytree"": 0.8211534883253182, ""gamma"": 0.1175949129132327, ""learning_rate"": 0.00011220535519730278, ""max_depth"": 7, ""min_child_weight"": 6, ""n_estimators"": 1900, ""reg_alpha"": 0.03589616855127126, ""reg_lambda"": 2.0228735525191532, ""subsample"": 0.6187223288377963}",50,31.35
credit,classification,MLP,Accuracy,0.77,0.778,"{""batch_size"": 512, ""hidden_layer_sizes"": [715, 715, 715], ""learning_rate_init"": 4.558192019795864e-05}",50,1507.09
phoneme,classification,RandomForest,Accuracy,0.8846,0.8876,"{""bootstrap"": false, ""criterion"": ""entropy"", ""max_depth"": null, ""max_features"": ""log2"", ""min_impurity_decrease"": 0.0, ""min_samples_leaf"": 2, ""min_samples_split"": 2, ""n_estimators"": 313}",50,23.16
phoneme,classification,GBT,Accuracy,0.8776,0.895,"{""criterion"": ""friedman_mse"", ""learning_rate"": 0.008295026386919662, ""loss"": ""exponential"", ""max_depth"": null, ""max_leaf_nodes"": null, ""min_impurity_decrease"": 0.0, ""min_samples_leaf"": 3, ""min_samples_split"": 2, ""n_estimators"": 782, ""subsample"": 0.7270637962496068}",50,36.68
phoneme,classification,XGBoost,Accuracy,0.8811,0.8803,"{""colsample_bylevel"": 0.954042156928347, ""colsample_bytree"": 0.8069460285684287, ""gamma"": 2.7887422134129233e-06, ""learning_rate"": 0.048246151367840294, ""max_depth"": 5, ""min_child_weight"": 4, ""n_estimators"": 4900, ""reg_alpha"": 0.0003099127276542511, ""reg_lambda"": 2.134587720917215, ""subsample"": 0.9975354098822137}",50,10.51
phoneme,classification,MLP,Accuracy,0.8706,0.8571,"{""batch_size"": 512, ""hidden_layer_sizes"": [696, 696, 696, 696, 696, 696, 696, 696], ""learning_rate_init"": 0.0007725717622327446}",50,822.22
wine,classification,RandomForest,Accuracy,0.8391,0.8096,"{""bootstrap"": false, ""criterion"": ""entropy"", ""max_depth"": null, ""max_features"": ""log2"", ""min_impurity_decrease"": 0.0, ""min_samples_leaf"": 2, ""min_samples_split"": 2, ""n_estimators"": 313}",50,19.56
wine,classification,GBT,Accuracy,0.8348,0.794,"{""criterion"": ""friedman_mse"", ""learning_rate"": 0.06001615407984377, ""loss"": ""exponential"", ""max_depth"": null, ""max_leaf_nodes"": null, ""min_impurity_decrease"": 0.0, ""min_samples_leaf"": 6, ""min_samples_split"": 2, ""n_estimators"": 376, ""subsample"": 0.9779273067146744}",50,24.34
wine,classification,XGBoost,Accuracy,0.8435,0.7953,"{""colsample_bylevel"": 0.9620692180880729, ""colsample_bytree"": 0.8586507865768859, ""gamma"": 0.009665432377729832, ""learning_rate"": 0.3916704418063828, ""max_depth"": 10, ""min_child_weight"": 2, ""n_estimators"": 5500, ""reg_alpha"": 4.592622170565641, ""reg_lambda"": 1.808719522137397, ""subsample"": 0.9806564503600304}",50,9.79
wine,classification,MLP,Accuracy,0.8478,0.7771,"{""batch_size"": 1024, ""hidden_layer_sizes"": [851, 851, 851, 851, 851, 851], ""learning_rate_init"": 0.0014154295876186108}",50,598.33
cpu_act,regression,RandomForest,R²,0.9785,0.9791,"{""bootstrap"": false, ""criterion"": ""squared_error"", ""max_depth"": null, ""max_features"": 0.6, ""min_impurity_decrease"": 0.0, ""min_samples_leaf"": 2, ""min_samples_split"": 2, ""n_estimators"": 98}",50,494.27
cpu_act,regression,GBT,R²,0.9834,0.9779,"{""criterion"": ""friedman_mse"", ""learning_rate"": 0.34018040342802963, ""loss"": ""squared_error"", ""max_depth"": 3, ""max_leaf_nodes"": 10, ""min_impurity_decrease"": 0.0, ""min_samples_leaf"": 2, ""min_samples_split"": 2, ""n_estimators"": 563, ""subsample"": 0.8390626846869489}",50,116.34
cpu_act,regression,XGBoost,R²,0.9834,0.9814,"{""colsample_bylevel"": 0.7258720510094268, ""colsample_bytree"": 0.831317246671813, ""gamma"": 0.000622685264674551, ""learning_rate"": 0.04698902151262105, ""max_depth"": 8, ""min_child_weight"": 1, ""n_estimators"": 5100, ""reg_alpha"": 5.7964994345987536e-05, ""reg_lambda"": 1.0522680948161378, ""subsample"": 0.5292824998405742}",50,54.06
cpu_act,regression,MLP,R²,0.9785,0.9641,"{""batch_size"": 512, ""hidden_layer_sizes"": [679, 679, 679, 679, 679, 679, 679], ""learning_rate_init"": 0.004619020831123907}",50,5971.62
elevators,regression,RandomForest,R²,0.7989,0.8057,"{""bootstrap"": true, ""criterion"": ""squared_error"", ""max_depth"": null, ""max_features"": null, ""min_impurity_decrease"": 0.0, ""min_samples_leaf"": 2, ""min_samples_split"": 2, ""n_estimators"": 28}",50,519.36
elevators,regression,GBT,R²,0.8883,0.8826,"{""criterion"": ""squared_error"", ""learning_rate"": 0.12185733494152733, ""loss"": ""squared_error"", ""max_depth"": 3, ""max_leaf_nodes"": null, ""min_impurity_decrease"": 0.0, ""min_samples_leaf"": 8, ""min_samples_split"": 2, ""n_estimators"": 334, ""subsample"": 0.9078558220015158}",50,126.18
elevators,regression,XGBoost,R²,0.8928,0.8901,"{""colsample_bylevel"": 0.9158440321286085, ""colsample_bytree"": 0.8352304418615406, ""gamma"": 1.244166149985539e-08, ""learning_rate"": 0.021021092381980955, ""max_depth"": 4, ""min_child_weight"": 7, ""n_estimators"": 1700, ""reg_alpha"": 0.0034507758038729536, ""reg_lambda"": 1.614523162959235, ""subsample"": 0.658013154300439}",50,22.64
elevators,regression,MLP,R²,0.9085,0.907,"{""batch_size"": 256, ""hidden_layer_sizes"": [799, 799, 799, 799, 799], ""learning_rate_init"": 0.00023429943744521751}",50,13309.41
wine_quality,regression,RandomForest,R²,0.5099,0.5109,"{""bootstrap"": false, ""criterion"": ""squared_error"", ""max_depth"": null, ""max_features"": 0.6, ""min_impurity_decrease"": 0.0, ""min_samples_leaf"": 2, ""min_samples_split"": 2, ""n_estimators"": 98}",50,487.09
wine_quality,regression,GBT,R²,0.5248,0.5103,"{""criterion"": ""friedman_mse"", ""learning_rate"": 0.008295026386919662, ""loss"": ""absolute_error"", ""max_depth"": null, ""max_leaf_nodes"": null, ""min_impurity_decrease"": 0.0, ""min_samples_leaf"": 3, ""min_samples_split"": 2, ""n_estimators"": 782, ""subsample"": 0.7270637962496068}",50,156.32
wine_quality,regression,XGBoost,R²,0.4958,0.5034,"{""colsample_bylevel"": 0.7258720510094268, ""colsample_bytree"": 0.831317246671813, ""gamma"": 0.000622685264674551, ""learning_rate"": 0.04698902151262105, ""max_depth"": 8, ""min_child_weight"": 1, ""n_estimators"": 5100, ""reg_alpha"": 5.7964994345987536e-05, ""reg_lambda"": 1.0522680948161378, ""subsample"": 0.5292824998405742}",50,27.59
wine_quality,regression,MLP,R²,0.4131,0.393,"{""batch_size"": 256, ""hidden_layer_sizes"": [985, 985], ""learning_rate_init"": 0.00013476464919725363}",50,2568.41
diamonds,regression,RandomForest,R²,0.9512,0.9438,"{""bootstrap"": false, ""criterion"": ""squared_error"", ""max_depth"": null, ""max_features"": ""sqrt"", ""min_impurity_decrease"": 0.0, ""min_samples_leaf"": 8, ""min_samples_split"": 2, ""n_estimators"": 27}",50,219.76
diamonds,regression,GBT,R²,0.9503,0.9453,"{""criterion"": ""squared_error"", ""learning_rate"": 0.031014768139452427, ""loss"": ""huber"", ""max_depth"": 3, ""max_leaf_nodes"": null, ""min_impurity_decrease"": 0.0, ""min_samples_leaf"": 6, ""min_samples_split"": 2, ""n_estimators"": 658, ""subsample"": 0.8069460285684287}",50,126.56
diamonds,regression,XGBoost,R²,0.9509,0.9453,"{""colsample_bylevel"": 0.7489105135939351, ""colsample_bytree"": 0.9352895019597379, ""gamma"": 3.0409901086500483e-05, ""learning_rate"": 0.0010246875722977693, ""max_depth"": 7, ""min_child_weight"": 2, ""n_estimators"": 5700, ""reg_alpha"": 2.4936230515465887e-08, ""reg_lambda"": 2.1471729919779654, ""subsample"": 0.5782464468722259}",50,28.31
diamonds,regression,MLP,R²,0.9474,0.9412,"{""batch_size"": 512, ""hidden_layer_sizes"": [778, 778, 778, 778, 778, 778, 778, 778], ""learning_rate_init"": 0.0014765211251440292}",50,4840.37
isolet,regression,RandomForest,R²,0.8365,0.8185,"{""bootstrap"": false, ""criterion"": ""squared_error"", ""max_depth"": null, ""max_features"": 0.6, ""min_impurity_decrease"": 0.0, ""min_samples_leaf"": 2, ""min_samples_split"": 2, ""n_estimators"": 98}",50,12219.0
isolet,regression,GBT,R²,0.8372,0.813,"{""criterion"": ""friedman_mse"", ""learning_rate"": 0.008295026386919662, ""loss"": ""absolute_error"", ""max_depth"": null, ""max_leaf_nodes"": null, ""min_impurity_decrease"": 0.0, ""min_samples_leaf"": 3, ""min_samples_split"": 2, ""n_estimators"": 782, ""subsample"": 0.7270637962496068}",50,3186.64
isolet,regression,XGBoost,R²,0.8555,0.8374,"{""colsample_bylevel"": 0.6639789146619722, ""colsample_bytree"": 0.5000761409953371, ""gamma"": 0.000997657537098848, ""learning_rate"": 0.004532945532181335, ""max_depth"": 7, ""min_child_weight"": 13, ""n_estimators"": 5300, ""reg_alpha"": 3.933978695731316e-08, ""reg_lambda"": 2.4967561817166226, ""subsample"": 0.6181651577572149}",50,3399.87
isolet,regression,MLP,R²,0.8669,0.8474,"{""batch_size"": 256, ""hidden_layer_sizes"": [332, 332], ""learning_rate_init"": 0.0037647842132064713}",50,3138.04
